id,password,full_name,is_del,created_dt,created_by,updated_dt,updated_by,version
admin1,password,Admin 1,FALSE,2022-08-25,SYSTEM,2022-08-25,SYSTEM,0
admin2,password,Admin 2,FALSE,2022-08-25,SYSTEM,2022-08-25,SYSTEM,0
admin3,password,Admin 3,FALSE,2022-08-25,SYSTEM,2022-08-25,SYSTEM,0
admin4,password,Admin 4,FALSE,2022-08-25,SYSTEM,2022-08-25,SYSTEM,0
admin5,password,Admin 5,FALSE,2022-08-25,SYSTEM,2022-08-25,SYSTEM,0
admin6,password,Admin 6,FALSE,2022-08-25,SYSTEM,2022-08-25,SYSTEM,0
admin7,password,Admin 7,FALSE,2022-08-25,SYSTEM,2022-08-25,SYSTEM,0
admin8,password,Admin 8,FALSE,2022-08-25,SYSTEM,2022-08-25,SYSTEM,0
admin9,password,Admin 9,FALSE,2022-08-25,SYSTEM,2022-08-25,SYSTEM,0
admin10,password,Admin 10,FALSE,2022-08-25,SYSTEM,2022-08-25,SYSTEM,0
admin11,password,Admin 11,FALSE,2022-08-25,SYSTEM,2022-08-25,SYSTEM,0
admin12,password,Admin 12,FALSE,2022-08-25,SYSTEM,2022-08-25,SYSTEM,0
admin13,password,Admin 13,FALSE,2022-08-25,SYSTEM,2022-08-25,SYSTEM,0
admin14,password,Admin 14,FALSE,2022-08-25,SYSTEM,2022-08-25,SYSTEM,0
admin15,password,Admin 15,FALSE,2022-08-25,SYSTEM,2022-08-25,SYSTEM,0
admin16,password,Admin 16,FALSE,2022-08-25,SYSTEM,2022-08-25,SYSTEM,0
admin17,password,Admin 17,FALSE,2022-08-25,SYSTEM,2022-08-25,SYSTEM,0
admin18,password,Admin 18,FALSE,2022-08-25,SYSTEM,2022-08-25,SYSTEM,0
admin19,password,Admin 19,FALSE,2022-08-25,SYSTEM,2022-08-25,SYSTEM,0
admin20,password,Admin 20,FALSE,2022-08-25,SYSTEM,2022-08-25,SYSTEM,0
admin21,password,Admin 21,FALSE,2022-08-25,SYSTEM,2022-08-25,SYSTEM,0
admin22,password,Admin 22,FALSE,2022-08-25,SYSTEM,2022-08-25,SYSTEM,0
admin23,password,Admin 23,FALSE,2022-08-25,SYSTEM,2022-08-25,SYSTEM,0
admin24,password,Admin 24,FALSE,2022-08-25,SYSTEM,2022-08-25,SYSTEM,0
admin25,password,Admin 25,FALSE,2022-08-25,SYSTEM,2022-08-25,SYSTEM,0
admin26,password,Admin 26,FALSE,2022-08-25,SYSTEM,2022-08-25,SYSTEM,0
admin27,password,Admin 27,FALSE,2022-08-25,SYSTEM,2022-08-25,SYSTEM,0
admin28,password,Admin 28,FALSE,2022-08-25,SYSTEM,2022-08-25,SYSTEM,0
admin29,password,Admin 29,FALSE,2022-08-25,SYSTEM,2022-08-25,SYSTEM,0
admin30,password,Admin 30,FALSE,2022-08-25,SYSTEM,2022-08-25,SYSTEM,0
